<?xml version="1.0" standalone="yes"?>
<Recordset>
  <xs:schema id="Recordset" xmlns="" xmlns:xs="http://www.w3.org/2001/XMLSchema" xmlns:msdata="urn:schemas-microsoft-com:xml-msdata">
    <xs:element name="Recordset" msdata:IsDataSet="true" msdata:MainDataTable="DTLABELS" msdata:UseCurrentLocale="true">
      <xs:complexType>
        <xs:choice minOccurs="0" maxOccurs="unbounded">
          <xs:element name="DTLABELS">
            <xs:complexType>
              <xs:sequence>
                <xs:element name="LID" type="xs:int" minOccurs="0" />
                <xs:element name="TXID" type="xs:int" minOccurs="0" />
                <xs:element name="ORDERNO" type="xs:decimal" minOccurs="0" />
                <xs:element name="LABEL" type="xs:string" minOccurs="0" />
                <xs:element name="CONTROLTYPE" type="xs:int" minOccurs="0" />
                <xs:element name="FIELDLENGTH" type="xs:int" minOccurs="0" />
                <xs:element name="DEFAULTTEXT" type="xs:string" minOccurs="0" />
              </xs:sequence>
            </xs:complexType>
          </xs:element>
        </xs:choice>
      </xs:complexType>
    </xs:element>
  </xs:schema>
  <DTLABELS>
    <LID>130</LID>
    <TXID>7</TXID>
    <ORDERNO>5</ORDERNO>
    <LABEL>Reference</LABEL>
    <CONTROLTYPE>16</CONTROLTYPE>
    <FIELDLENGTH>15</FIELDLENGTH>
    <DEFAULTTEXT />
  </DTLABELS>
  <DTLABELS>
    <LID>129</LID>
    <TXID>7</TXID>
    <ORDERNO>3</ORDERNO>
    <LABEL>Case/Roll Pack</LABEL>
    <CONTROLTYPE>16</CONTROLTYPE>
    <FIELDLENGTH>30</FIELDLENGTH>
    <DEFAULTTEXT />
  </DTLABELS>
  <DTLABELS>
    <LID>128</LID>
    <TXID>7</TXID>
    <ORDERNO>2</ORDERNO>
    <LABEL>Vendor Lot</LABEL>
    <CONTROLTYPE>16</CONTROLTYPE>
    <FIELDLENGTH>15</FIELDLENGTH>
    <DEFAULTTEXT />
  </DTLABELS>
  <DTLABELS>
    <LID>127</LID>
    <TXID>7</TXID>
    <ORDERNO>1</ORDERNO>
    <LABEL>Part</LABEL>
    <CONTROLTYPE>16</CONTROLTYPE>
    <FIELDLENGTH>20</FIELDLENGTH>
    <DEFAULTTEXT />
  </DTLABELS>
  <DTLABELS>
    <LID>131</LID>
    <TXID>7</TXID>
    <ORDERNO>4</ORDERNO>
    <LABEL>Quanitty</LABEL>
    <CONTROLTYPE>16</CONTROLTYPE>
    <FIELDLENGTH>10</FIELDLENGTH>
    <DEFAULTTEXT />
  </DTLABELS>
  <DTLABELS>
    <LID>132</LID>
    <TXID>7</TXID>
    <ORDERNO>6</ORDERNO>
    <LABEL>Bin</LABEL>
    <CONTROLTYPE>4</CONTROLTYPE>
    <FIELDLENGTH>0</FIELDLENGTH>
    <DEFAULTTEXT>Rec</DEFAULTTEXT>
  </DTLABELS>
</Recordset>